[
  {
    "id": "da7bdd92-9b23-4b97-82b9-d9a376d207c8",
    "data": [
      {
        "text": "is it ",
        "userDefined": false
      },
      {
        "text": "$0.008",
        "meta": "@bitcoin_price",
        "alias": "bitcoin_price",
        "userDefined": true
      }
    ],
    "isTemplate": false,
    "count": 0,
    "lang": "en",
    "updated": 0
  },
  {
    "id": "80b0e808-362f-41a1-a1f0-ca7ad289a3d7",
    "data": [
      {
        "text": "tell me the price",
        "userDefined": false
      }
    ],
    "isTemplate": false,
    "count": 0,
    "lang": "en",
    "updated": 0
  },
  {
    "id": "4339ea1b-44bd-49e0-98b1-ef4186efc7bb",
    "data": [
      {
        "text": "bitcoin",
        "meta": "@sys.currency-name",
        "alias": "currency-name",
        "userDefined": false
      },
      {
        "text": " pirce",
        "userDefined": false
      }
    ],
    "isTemplate": false,
    "count": 0,
    "lang": "en",
    "updated": 0
  },
  {
    "id": "bf524ef5-e79a-45ae-9205-0ea71c8ce266",
    "data": [
      {
        "text": "check price",
        "userDefined": false
      }
    ],
    "isTemplate": false,
    "count": 0,
    "lang": "en",
    "updated": 0
  },
  {
    "id": "17d320cb-9162-4e78-9efc-c297cd0106ea",
    "data": [
      {
        "text": "check ",
        "userDefined": false
      },
      {
        "text": "bitcoin",
        "meta": "@sys.currency-name",
        "alias": "currency-name",
        "userDefined": false
      },
      {
        "text": " price",
        "userDefined": false
      }
    ],
    "isTemplate": false,
    "count": 0,
    "lang": "en",
    "updated": 0
  },
  {
    "id": "ee445338-8e57-4d9c-a2fe-f7a957551cbd",
    "data": [
      {
        "text": "what is the price ",
        "userDefined": false
      },
      {
        "text": "today",
        "meta": "@sys.date-time",
        "alias": "date-time",
        "userDefined": false
      }
    ],
    "isTemplate": false,
    "count": 0,
    "lang": "en",
    "updated": 0
  }
]